Model;Input;R2;RMSE;MAE;training_time
GRU;PPG;0.9100154;0.5509121;0.4006124;1048.5831
GRU;Area;0.9751202;0.2931212;0.2181655;1128.6172
GRU;both;0.9392155;0.4531100;0.3008121;1201.8175
CNN;PPG;0.6416121;1.0977799;0.7938156;132.2255
CNN;Area;0.7481216;0.9215412;0.6834512;124.99
CNN;both;0.8866121;0.6187011;0.4452123;133.6441
TCN;PPG;0.8342122;0.7489124;0.5529164;271.507943041667
TCN;Area;0.9716231;0.3093145;0.2268121;271.810005708333
TCN;both;0.9751598;0.2876011;0.2052322;277.499706791667