Model,Input,R2,RMSE,MAE,training_time
GRU,PPG,0.8586712,0.7231837,0.4990186,1048.5831
GRU,Area,0.9638817,0.3655921,0.2695891,1128.6172
GRU,both,0.9373171,0.4816238,0.3480517,1201.8175
CNN,PPG,0.615029,1.193568,0.8180763,132.2255
CNN,Area,0.7611997,0.9400496,0.6233871,124.99
CNN,both,0.8703741,0.6925946,0.464265,133.6441
TCN,PPG,0.8766253,0.6756881,0.449575,271.507943041667
TCN,Area,0.9513237,0.4244161,0.3189338,271.810005708333
TCN,both,0.9589167,0.3899115,0.2805671,277.499706791667
